cid,co_name,place,phone,email
1,Enim Institute,Alsemberg,(798) 124-7508,sapien.gravida.non@nislsemconsequat.org
2,Fames Limited,Sant'Egidio alla Vibrata,(436) 319-6628,ultrices.posuere.cubilia@arcu.org
3,Primis Ltd,Bremen,(285) 399-3382,at.egestas.a@convallisdolor.org
4,Mauris Ipsum LLP,Monte Santa Maria Tiberina,(994) 786-2946,augue.Sed@id.ca
5,Dui Suspendisse Ac Foundation,Sennariolo,(648) 317-2780,sapien.cursus.in@dolorDonecfringilla.com
6,Turpis Foundation,Latronico,(731) 845-1889,tempor.erat.neque@consequatpurusMaecenas.edu
7,Vestibulum Associates,Hindupur,(241) 316-8717,pellentesque@Duisatlacus.ca
8,Odio Institute,Argyle,(294) 581-7016,eu@loremacrisus.edu
9,Torquent Per Associates,Cellara,(376) 836-1518,arcu.Curabitur.ut@natoque.net
10,Mauris Incorporated,Tire,(567) 635-0874,vulputate.posuere.vulputate@aaliquetvel.com
11,Nulla Ante Inc.,Busan,(951) 367-8912,quam.a.felis@duinec.com
12,Nulla Donec Non Associates,Weißenfels,(215) 396-0259,vel@Aliquamnecenim.org
13,Non Nisi Aenean Inc.,Collinas,(406) 698-4680,vestibulum.neque.sed@montes.org
14,Curae; Company,Taber,(641) 668-3611,Proin.non.massa@quis.ca
15,Dui Corporation,Columbia,(469) 549-6056,magna@necquamCurabitur.edu
16,Praesent Eu Dui LLC,Biała Podlaska,(679) 401-0858,arcu@condimentumDonec.ca
17,Purus PC,Leganés,(289) 971-0444,Sed.nulla@consequatdolor.org
18,Blandit Nam LLC,Meer,(690) 550-7887,magnis.dis.parturient@SuspendissesagittisNullam.org
19,Leo Vivamus Consulting,Portree,(632) 205-4762,non@maurisa.com
20,Blandit Congue Ltd,Braies/Prags,(383) 823-8748,dolor.sit@euismodetcommodo.edu
21,Lobortis Ultrices Vivamus Incorporated,Livingston,(427) 293-7388,Vivamus.sit.amet@sodalespurus.ca
22,Dui Nec Tempus Foundation,Golspie,(691) 476-9992,quis.accumsan.convallis@maurisipsumporta.org
23,Sem Eget Massa Company,Verrès,(212) 932-5485,Cras@aliquam.edu
24,Sem Egestas Corporation,Casper,(618) 966-5851,egestas.rhoncus@bibendumfermentum.edu
25,Elit Institute,Sromness,(896) 207-1791,Nam@at.edu
26,Magna LLC,Tierralta,(177) 178-7748,vitae.orci@idmollis.edu
27,Sapien Nunc Pulvinar Incorporated,C�te-Saint-Luc,(865) 233-2056,ullamcorper.viverra@semperNamtempor.co.uk
28,Fermentum Limited,Raymond,(352) 834-6422,Duis.sit.amet@tellusPhaselluselit.com
29,Penatibus Et Company,Castelseprio,(888) 220-9333,Quisque@adipiscingelitAliquam.com
30,Iaculis Corporation,Esneux,(746) 360-8054,ultrices.posuere.cubilia@Quisque.ca
31,Consectetuer Adipiscing Company,Astore,(128) 683-3592,eu.dolor@magnaPraesent.co.uk
32,Sed Consequat Ltd,Langley,(655) 848-5853,mauris.Morbi.non@dapibus.ca
33,Velit In Industries,Drancy,(971) 883-8884,interdum@Phasellus.net
34,Ipsum Ltd,Mandasor,(725) 412-2548,fringilla.porttitor@eget.org
35,Libero Est Congue Industries,Santa Cesarea Terme,(853) 504-6792,velit.Cras@cursusinhendrerit.org
36,Nulla Ante Ltd,Lozzo Atestino,(488) 812-5155,risus.varius@diam.net
37,Sed Dui Institute,Częstochowa,(203) 197-6783,augue.eu.tempor@Aliquam.ca
38,Eu Sem Limited,Lillois-WitterzŽe,(637) 926-7574,est@loremtristiquealiquet.ca
39,Dapibus Consulting,Morro Reatino,(461) 138-0595,parturient@accumsanconvallisante.edu
40,Sed Institute,Ahmadnagar,(246) 192-6904,interdum.libero.dui@tincidunt.net
41,Nec Metus Inc.,Santa María,(171) 742-2443,turpis.Aliquam.adipiscing@perinceptos.ca
42,Justo Ltd,Isernia,(415) 485-2786,felis.Donec.tempor@nullaante.com
43,Quisque LLP,Lago Ranco,(246) 935-2331,nibh@velitdui.co.uk
44,Montes PC,Brucargo,(770) 804-9703,vitae@Crasinterdum.com
45,Eu Industries,Tollembeek,(450) 816-5525,Nullam.velit@auguemalesuada.ca
46,Blandit Associates,Knokke-Heist,(827) 105-2364,semper@dignissimlacusAliquam.ca
47,Adipiscing Industries,Cumberland County,(602) 558-6823,gravida.nunc.sed@nisiCum.co.uk
48,Eleifend Egestas Institute,Trazegnies,(396) 907-8903,at@semelitpharetra.com
49,Proin Eget Corporation,Molina,(452) 556-4221,orci.lacus.vestibulum@Phasellusin.ca
50,Consectetuer Inc.,Metairie,(888) 368-6294,Curabitur.sed.tortor@malesuadavel.net
51,Dictum Inc.,York,(918) 107-3328,est@atlacus.edu
52,Penatibus Associates,Pugwash,(936) 212-5726,lacus.Mauris@urnasuscipit.net
53,Donec LLP,Momignies,(846) 288-5749,enim@nisisem.co.uk
54,Sem Semper Erat Institute,Dubna,(537) 504-7390,id.enim@acnulla.org
55,Elementum Ltd,Montauban,(217) 303-7522,sem@ipsumleo.edu
56,Vivamus LLC,Sassocorvaro,(759) 885-1583,ac.tellus.Suspendisse@arcuet.edu
57,Malesuada Fringilla Associates,Hachy,(370) 526-5693,nunc@eget.com
58,Integer Vitae Nibh Limited,Camaçari,(210) 502-1141,Donec.tincidunt.Donec@Donecluctus.co.uk
59,A Feugiat Tellus Corporation,Penicuik,(855) 470-5656,et.euismod.et@vel.net
60,Magna Praesent Industries,Sant'Urbano,(449) 659-9332,dictum.sapien.Aenean@tristiquesenectus.co.uk
61,Eleifend Institute,Dallas,(567) 947-3440,sit.amet@nullaInteger.co.uk
62,Facilisi Sed Ltd,Oudekapelle,(758) 131-9143,ac.mattis.semper@lectus.net
63,Eget Inc.,Moose Jaw,(340) 473-6101,velit@elementumduiquis.ca
64,Risus Donec PC,Andernach,(108) 831-6313,enim.Etiam@penatibuset.co.uk
65,Diam Nunc Ullamcorper Ltd,Montpelier,(950) 813-3195,at@et.edu
66,Dui PC,Walsall,(748) 700-2811,Sed@turpisegestas.co.uk
67,Ipsum Suspendisse Sagittis Corporation,Bontang,(991) 427-2856,Nunc.commodo@commodo.ca
68,Non Cursus Non LLP,Corbais,(319) 312-8682,Suspendisse@ornarefacilisis.ca
69,Duis A LLP,Pudahuel,(771) 655-0425,nec@malesuada.edu
70,Ipsum Associates,Hearst,(405) 413-5726,hendrerit.consectetuer.cursus@DonecegestasAliquam.com
71,Massa LLP,Los Álamos,(766) 140-7619,vel.lectus@Nulla.net
72,Pellentesque Eget Associates,Austin,(891) 480-8995,turpis.non.enim@Vestibulum.net
73,Aliquet Diam Sed Incorporated,Blitar,(506) 283-2432,egestas.lacinia@Duisatlacus.edu
74,Velit Limited,Colchester,(659) 981-1412,pharetra@neque.edu
75,Nisi Sem Semper Ltd,Montefalcone nel Sannio,(412) 938-7890,pellentesque.massa@Donec.co.uk
76,Mollis Lectus Ltd,Collines-de-l'Outaouais,(564) 383-9101,odio@Loremipsumdolor.co.uk
77,Luctus Felis Purus LLP,Istmina,(636) 215-8890,amet@iaculis.edu
78,Nullam Suscipit Est Corp.,Rum,(555) 158-0673,malesuada.Integer.id@quisaccumsan.net
79,Posuere Ltd,Windsor,(830) 515-2770,ultricies.adipiscing.enim@sociosqu.edu
80,Fringilla Donec LLP,Speyer,(161) 939-6773,ipsum@vitaealiquam.ca
81,Semper Tellus Id Inc.,Mandi Burewala,(263) 918-1969,sollicitudin.a.malesuada@aliquamadipiscing.co.uk
82,Duis At Consulting,Mobile,(679) 959-4207,Donec@Morbineque.co.uk
83,Ac Eleifend Vitae Consulting,Navidad,(864) 189-4303,interdum.Curabitur@ipsumprimisin.ca
84,Ipsum Sodales Purus Limited,Motta Visconti,(814) 198-8567,vestibulum.massa.rutrum@pretiumetrutrum.org
85,Fringilla Incorporated,Bydgoszcz,(716) 747-7727,eu.enim@acsem.com
86,Lorem Foundation,Caprauna,(789) 957-3662,malesuada.malesuada.Integer@sodales.net
87,Elementum Dui Incorporated,Akhtubinsk,(983) 410-5633,malesuada@eudolor.edu
88,Libero Mauris Aliquam Industries,Whittlesey,(625) 154-7479,eget.odio.Aliquam@lobortisquispede.edu
89,Dictum Phasellus Associates,Osorno,(696) 947-4079,et.magnis.dis@nuncsed.org
90,In Mi Incorporated,Springfield,(922) 654-4284,in.lobortis@sit.edu
91,Mauris Nulla Integer Inc.,Cap-Saint-Ignace,(189) 914-6239,pharetra.felis@ultrices.net
92,Molestie Dapibus Ligula LLP,Tampico,(753) 197-5247,orci@Pellentesquehabitant.edu
93,Dui Lectus Rutrum Inc.,Mansehra,(415) 583-0397,laoreet.ipsum.Curabitur@venenatislacus.org
94,Dui In Company,Stewart,(394) 923-7595,Cras@necleoMorbi.ca
95,Nec Mollis PC,Kirkwall,(718) 398-5544,diam.at.pretium@Cumsociisnatoque.com
96,Elit Corp.,Cheyenne,(965) 695-2358,sed.dictum@quam.com
97,Mauris PC,Tehuacán,(975) 474-8093,enim@sociisnatoque.ca
98,Rhoncus Proin Nisl Consulting,Roux,(879) 344-6861,purus@leoCrasvehicula.net
99,Sed Institute,Baunatal,(623) 944-4657,dolor@estmaurisrhoncus.org
100,Metus In Nec Ltd,Kessenich,(990) 933-9746,dictum.eleifend.nunc@atliberoMorbi.com